A_calliptera_Bua	A_calliptera
A_calliptera_Chitimba	A_calliptera
A_calliptera_Chizumulu	A_calliptera
A_calliptera_Enukweni	A_calliptera
A_calliptera_Kitai_Dam	A_calliptera
A_calliptera_Lake_Chidya	A_calliptera
A_calliptera_Lake_Chilwa	A_calliptera
A_calliptera_Luwawa	A_calliptera
A_calliptera_Mbaka_River	A_calliptera
A_calliptera_Kyela	A_calliptera
A_calliptera_North_Rukuru	A_calliptera
A_calliptera_Rovuma_headwaters	A_calliptera
A_calliptera_Salima_Father	A_calliptera
A_calliptera_Salima_Mother	A_calliptera
A_calliptera_Salima_Offspring	xxx
A_calliptera_Songwe_River	A_calliptera
A_calliptera_South_Rukuru	A_calliptera
A_calliptera_Upper_Rovuma	A_calliptera
Alticorpus_geoffreyi	Alticorpus_geoffreyi
Alticorpus_macrocleithrum	Alticorpus_macrocleithrum
A_calliptera_Kingiri	A_calliptera
Aulonocara_minutus	Aulonocara_minutus
Aulonocara_steveni	Aulonocara_steveni
Aulonocara_stuartgranti_Father	Aulonocara_stuartgranti
Aulonocara_stuartgranti_Mother	Aulonocara_stuartgranti
Aulonocara_stuartgranti_Offspring	xxx
Aulonocara_yellow	Aulonocara_yellow
Buccochromis_nototaenia	Buccochromis_nototaenia
Buccochromis_rhoadesii	Buccochromis_rhoadesii
Champsochromis_caeruelus_1	Champsochromis_caeruelus
Champsochromis_caeruelus_2	Champsochromis_caeruelus
Chilotilapia_rhoadesii_1	Chilotilapia_rhoadesii
Chilotilapia_rhoadesii_2	Chilotilapia_rhoadesii
Chilotilapia_rhoadesii_3	Chilotilapia_rhoadesii
Chilotilapia_rhoadesii_4	Chilotilapia_rhoadesii
Copadichromis_likomae	Copadichromis_likomae
Copadichromis_cf_trewavasae	Copadichromis_cf_trewavasae
Copadichromis_quadrimaculatus	Copadichromis_quadrimaculatus
Copadichromis_trimaculatus	Copadichromis_trimaculatus
Copadichromis_virginalis	Copadichromis_virginalis
Copadichromis_virginalis_2	Copadichromis_virginalis
Copadichromis_virginalis_3	Copadichromis_virginalis
Copadichromis_virginalis_4	Copadichromis_virginalis
Copadichromis_virginalis_5	Copadichromis_virginalis
Ctenopharynx_intermedius_1	Ctenopharynx_intermedius
Ctenopharynx_intermedius_2	Ctenopharynx_intermedius
Ctenopharynx_intermedius_3	Ctenopharynx_intermedius
Ctenopharynx_nitidus	Ctenopharynx_nitidus
Ctenopharynx_nitidus_2	Ctenopharynx_nitidus
Cynotilapia_afra	Cynotilapia_afra
Cynotilapia_axelrodi	Cynotilapia_axelrodi
Dimidiochromis_compressiceps	Dimidiochromis_compressiceps
Dimidiochromis_dimidiatus	Dimidiochromis_dimidiatus
Dimidiochromis_kiwinge	Dimidiochromis_kiwinge
Dimidiochromis_strigatus	Dimidiochromis_strigatus
Dimidiochromis_strigatus_2	Dimidiochromis_strigatus
Diplotaxodon_greenwoodi	Diplotaxodon_greenwoodi
Diplotaxodon_limnothrissa	Diplotaxodon_limnothrissa
Diplotaxodon_macrops	Diplotaxodon_macrops
Diplotaxodon_macrops_black_dorsal	Diplotaxodon_macrops_black_dorsal
Diplotaxodon_macrops_ngulube	Diplotaxodon_macrops_ngulube
Diplotaxodon_white_back_similis	Diplotaxodon_white_back_similis
Fossorochromis_rostratus_3	Fossorochromis_rostratus
Fossorochromis_rostratus_4	Fossorochromis_rostratus
Genyochromis_mento	Genyochromis_mento
Hemitaenichromis_spilopterus	Hemitaenichromis_spilopterus
Hemitaeniochromis_spilopterus_2	Hemitaenichromis_spilopterus
Hemitilapia_oxyrhynchus	Hemitilapia_oxyrhynchus
Hemitilapia_oxyrhynchus_2	Hemitilapia_oxyrhynchus
Iodotropheus_sprengerae	Iodotropheus_sprengerae
Labeotropheus_trewavasae	Labeotropheus_trewavasae
Lethrinops_albus	Lethrinops_albus
Lethrinops_auritus	Lethrinops_auritus
Lethrinops_gossei	Lethrinops_gossei
Lethrinops_lethrinus	Lethrinops_lethrinus
Lethrinops_lethrinus_Father	Lethrinops_lethrinus
Lethrinops_lethrinus_Mother	Lethrinops_lethrinus
Lethrinops_lethrinus_Offspring	xxx
Lethrinops_longimanus_redhead	Lethrinops_longimanus_redhead
Lethrinops_sp_oliveri	Lethrinops_sp_oliveri
A_calliptera_Massoko_benthic	A_calliptera
A_calliptera_Massoko_littoral	A_calliptera
Metriaclima_zebra	Metriaclima_zebra
Mylochromis_anaphyrmus	Mylochromis_anaphyrmus
Mylochromis_anaphyrmus_2	Mylochromis_anaphyrmus
Mylochromis_anaphyrmus_3	Mylochromis_anaphyrmus
Mylochromis_anaphyrmus_4	Mylochromis_anaphyrmus
Mylochromis_anaphyrmus_5	Mylochromis_anaphyrmus
Mylochromis_ericotaenia	Mylochromis_ericotaenia
Mylochromis_melanotaenia	Mylochromis_melanotaenia
Nimbochromis_linni	Nimbochromis_linni
Nimbochromis_livingstoni	Nimbochromis_livingstoni
Nimbochromis_polystigma	Nimbochromis_polystigma
Otopharynx_brooksi_nkhata	Otopharynx_brooksi_nkhata
Otopharynx_lithobates	Otopharynx_lithobates
Otopharynx_speciosus_1	Otopharynx_speciosus
Otopharynx_speciosus_2	Otopharynx_speciosus
Otopharynx_tetrastigma	Otopharynx_tetrastigma
Pallidochromis_tokolosh	Pallidochromis_tokolosh
Petrotilapia_genalutea	Petrotilapia_genalutea
Placidochromis_electra	Placidochromis_electra
Placidochromis_johnstoni	Placidochromis_johnstoni
Placidochromis_cf_longimanus_1	Placidochromis_cf_longimanus
Placidochromis_cf_longimanus_2	Placidochromis_cf_longimanus
Placidochromis_cf_longimanus_3	Placidochromis_cf_longimanus
Placidochromis_cf_longimanus_4	Placidochromis_cf_longimanus
Placidochromis_cf_longimanus_5	Placidochromis_cf_longimanus
Placidochromis_milomo	Placidochromis_milomo
Placidochromis_subocularis_1	Placidochromis_subocularis
Placidochromis_subocularis_2	Placidochromis_subocularis
Placidochromis_subocularis_3	Placidochromis_subocularis
Placidochromis_subocularis_4	Placidochromis_subocularis
Placidochromis_subocularis_5	Placidochromis_subocularis
Placidochromis_subocularis_6	Placidochromis_subocularis
Placidochromis_subocularis_7	Placidochromis_subocularis
Placidochromis_subocularis_8	Placidochromis_subocularis
Protomelas_ornatus_1	Protomelas_ornatus
Protomelas_ornatus_2	Protomelas_ornatus
Rhamphochromis_esox	Rhamphochromis_esox
Rhamphochromis_longiceps	Rhamphochromis_longiceps
Rhamphochromis_woodi	Rhamphochromis_woodi
Stigmatochromis_guttatus	Stigmatochromis_guttatus
Stigmatochromis_modestus	Stigmatochromis_modestus
Taeniochromis_holotaenia	Taeniochromis_holotaenia
Taeniolethrinops_furcicauda	Taeniolethrinops_furcicauda
Taeniolethrinops_macrorhynchus	Taeniolethrinops_macrorhynchus
Taeniolethrinops_praeorbitalis	Taeniolethrinops_praeorbitalis
Trematocranus_placodon_2	Trematocranus_placodon
Trematocranus_placodon_3	Trematocranus_placodon
Trematocranus_placodon_4	Trematocranus_placodon
Trematocranus_placodon_5	Trematocranus_placodon
Tremitochranus_placodon	Trematocranus_placodon
Tropheops_tropheops	Tropheops_tropheops
Tyrannochromis_nigriventer	Tyrannochromis_nigriventer
Nbrichardi	Outgroup
